﻿"index","address","privateKey"
"1","0x6fe061803b2eafd75b4bc6bb1843c596100577c4","0x2455c4a922613f6eead6587c8baabf905fea0d2bc462bebb6a7e66fe3faee682"
"2","0x472b5ee4847f4391faa65ffe001cc2560ed33581","0x21fd6149cedbf53bd4972bedef44b0c4aad9d695cf787d9c3d94f91a957dc7a5"
"3","0x2f3c1b3a4cf3997eb59637057b56a92ac9c1cbeb","0x18873f3adbbefa1e654f535d4a88ce04c5f01f6c1e2546dbe5b1fb095c712c43"
"4","0xaf14a797ba545e5de3ce835cc951627b51c889b6","0xcf2e81b96f1cadbbf38290df60cd828d45655eb905af317b9e015f0037dc31ff"
"5","0x7c2cb8d060e8fc8ec426c75a01d77a0c9d4a1cea","0x3364a1f5ccda3024996fb06d4f6d0ba7658259211a51cb38c27eb7ac8b919d58"
"6","0x9f4023cc2e310f770308d9516a3090d8abce98db","0xd580dc2b3062137f382d906b73758622dc35d13eb345186003568b50e0133caa"
"7","0xdfc398d50187a6a407b910f159c525a3b4191fe2","0x39c800e1a484e590024d7f5ae9e84833a9976331c8a32743f0d22421b3c9ec07"
"8","0x5ad0b9fdff86c386f0dabe1c059ed553001ae10f","0x098f18e60323065579922aaec1f1607270d90d1767eb512f829b706fe7ec6878"
"9","0xe177de3845763a2ea68690b14555112e9366dd9d","0xfb7e0ac632b2ec73ab966282043ccbb3ef45f4218a20de5aa9eb11b1134da3c1"
"10","0x4d4240184e12866c7a8815797698bcffa6f7fc58","0x838736495efd470315867a48e97a5ad175369699144335f352df7f8ed312c397"
"11","0x57056cd427f01f7603cd167ab749b540b837b48c","0xc2069ba3af48d293422f3370a073ec64e62d9f54ae854c1498875babec943775"
"12","0x2b8750cb8709d695facf8528cd46584f820af31c","0x62c346790d6d864361796ae68c29373f9b3953240b436c9f99aef20abc9f59be"
"13","0x54188998975e1dac3e90c0cfb59d0349c32e581e","0x106cd8737f47ad47a8d688c2892910a78fca798dbdb154171f71ff36d9d135c2"
"14","0xd3c38a3b86e558cc777bc796deaa53266f8d873e","0xc2ed796b5fa54ee8e6eee4e540942aac777cf8252f70c019d962c650e2e22276"
"15","0x3c9f7c44dcb8db5d461f6bbb8f5d05328a6da815","0xe83d67cb5adf49b4415291ec6418bbc26c6154cc3745f909700667322fd5c8ba"
"16","0x397f97e84f85326641b6b3ff27e808ae0103e633","0x43069ec7699b8244ca247d651bb184634d65d858679b4c5d9789ea9bd821ec96"
"17","0x56ebd30fa58d083563112d6c544e3ff57da27350","0x654f0b76b3c67b1d1763233c0352d425afb51a4e7348026eaa57c665936e372f"
"18","0xe73136322ca33975254535f5f8a2b9e38d063bc4","0x07d0fcf0eacb1c380eb80d29c716852c64831e2c6a204e063d72f7b4351b6e44"
"19","0x951e86f789815b77c522f73e3ee04e7087d79fca","0xcb03c5b630fdae7d792421979aefb456a77e55d7f67f36b09ec0a4bdd8ed22dc"
"20","0xd68cf4e0a162af4b42037cce2bd38c638e1bbc89","0xcbc2cad099054fa54f93ee662c45376ecd7c8524b359a2d5ce52eeec572f4f6a"
"21","0x9ea7e632cf4a4e5cdb0d180fc3c6a7694ee724d0","0x023445ccd9bf9664f3457a66e4ea20e5fcfa0126f53d57773809480a02372e4b"
"22","0x5f46c2261576e15dfecaab9375ebb3b4dfa1c043","0x9a7efa50f712bb0cddbf847ea1962589a8eec59e8ec277296f2899d1907decef"
"23","0x9567234ca314246ccebf0be0e58ccc7850f19758","0xe1fa2c903946c4b164bbb35f614f266e706eb914ae3b15863d033249cee81f5a"
"24","0xcf87e350a9ca9f39d9f4af0f698e360e1ec5c2bb","0x84487dd6dbbafc4431c9a47cc6cb51e088b37c19610d30f78b6bc5e8bc758d5d"
"25","0x6daaef7d2e9814e63ff483893cf366d142c65009","0xedbaa0e2d7082dc105c89515f69d6a2fc7e36277386cec01e7b17af5738c54fb"
"26","0x0159459386c261843acf39cb62da47882630fcb8","0x841d5a2ac8084666a81933163eb10eddbc93bbbed97e9b143006a0f0ddb6a129"
"27","0x48192f07ae848a01505e5767e5586b553e451425","0xe34afda6450f1d6445a1264a2ea0041e9cd346a0dc6a60b32eb8b5c415c46f4b"
"28","0x56fdd7713932f599f70493da4555a388a7ab942d","0x785ab9cc75f229a2f2461952cd9229df604a3ae62fc6fdd91f38031891e1be26"
"29","0x627311694f7a7065b541b4ad1624990cc2b28bc7","0x90bfdc6295411ed2732f859d17b3e7979df5a34add8322ff32fd7dbfacfb35b1"
"30","0x995e9aecd1883ac226a61c3bb4b31e3fc9800c0d","0xc456462de0f2530d790699635ebe24a5837dcc42747f6c7a8afb8aa6b33340fb"
"31","0x1066a61ca33aedc4b0ea2de80f749238a5f2d3a9","0x57a05e4471cdc6dc604515a63ab46502758360ffabc1e1daa3d4f860fb149b10"